Tipo,Ricetta,Calorie,Descrizione
Colazione,Avocado Toast con Pomodorini,250,"Schiaccia l'avocado e aggiungi condimenti a piacimento. Spalma il guacamole sul pane (se vuoi tostalo). Taglia dei pomodorini e aggiungili sul pane."
Colazione,Yogurt con Muesli e Frutta,300,Mescolare yogurt con muesli e aggiungere frutta fresca.
Colazione,Frullato di Spinaci e Ananas,220,Frullare spinaci con ananas e un po' di acqua per una bevanda fresca.
Colazione,Pancake ai Mirtilli,350,Prepara i pancake mescolando in una ciotola uova e zucchero. Aggiungi il latte e il lievito chimico e continua a mescolare. Aggiungi la farina e mescola. Lascia riposare per 30 minuti. Scalda una padella con una noce di burro e cuoci i pancake. Guarnisci con mirtili o con ciò che preferisci.
Colazione,Overnight Oats con Semi di Chia,250,Mixare avena con latte e semi di chia e lasciare in frigo per una notte.
Colazione,Toast con Uova Strapazzate,300,Rompi le uova in un tegame. Aggiungi un cucchiaio di latte e sbatti per qualche minuti. Aggiusta di sale e pepe. Cuoci le uova mescolandole così da strapazzarle. A parte tosta del pane e unisci il tutto.
Colazione,Frullato di Banana e Avena,240,Frullare banana con avena e latte per una colazione nutriente.
Colazione,Yogurt con Frutta Secca,280,Mescolare yogurt con una selezione di frutta secca e un po' di miele.
Colazione,Chia Pudding con Frutta,300,Preparare pudding di semi di chia e guarnire con frutta fresca.
Colazione,Toast con Ricotta e Miele,250,Spalmare ricotta su toast e aggiungere miele e noci.
Colazione,Panino con Uova e Spinaci,350,Per strapazzare le uova: Rompi le uova in un tegame. Aggiungi un cucchiaio di latte e sbatti per qualche minuti. Aggiusta di sale e pepe. Cuoci le uova mescolandole così da strapazzarle. A parte cuoci gli spinaci con una noce di burro. Unisci tutto in un panino.
Colazione,Frutta Fresca con Yogurt Greco,220,Servire una ciotola di frutta fresca con yogurt greco.
Colazione,Porridge con Frutta Secca,260,Per preparare il porridge comincia unendo i fiocchi d'avena e il latte in un pentolino. Cuoci per qualche minuto finchè non si addensa mescolando continuamente. Una volta pronto versa in una ciotola e guarnisci con frutta secca a piacere.
Colazione,Toast con Burro di Arachidi e Banana,300,Spalmare burro di arachidi su toast e aggiungere fette di banana.
Colazione,Frullato di Fragole e Yogurt,240,Frullare fragole con yogurt e un po' di miele per una bevanda fresca.
Colazione,Pancake con Sciroppo d’Acero,350,Prepara i pancake mescolando in una ciotola uova e zucchero. Aggiungi il latte e il lievito chimico e continua a mescolare. Aggiungi la farina e mescola. Lascia riposare per 30 minuti. Scalda una padella con una noce di burro e cuoci i pancake. Una volta pronti spostali su un piatto e guarniscili con sciroppo d'acero.
Colazione,Avocado Toast con Uovo in Camicia,350,Schiaccia l'avocado e aggiungi condimenti a piacimento. Spalma il guacamole sul pane (se vuoi tostalo).Per preparare l'uovo in camicia riempi una pentola d'acqua e porta ad una leggera ebollizione. Aggiungi un  cucchiaio di aceto all'acqua bollente. Crea un vortice nell'acqua con un cucchiaio. Versa lentamente l'uovo e cuoci per 3-4 minuti. Usa una schiumarola per sollevare l'uovo e porgilo sull'avocado toast.
Colazione,Granola con Latte di Mandorla,300,Mescolare granola con latte di mandorla e servire.
Colazione,Yogurt con Frutta e Noci,290,Mescolare yogurt con frutta fresca e noci tritate.
Colazione,Frullato di Mango e Banana,250,Frullare mango e banana con un po' di latte per una bevanda cremosa.
Colazione,Porridge con Mele e Cannella,270,Per preparare il porridge comincia unendo i fiocchi d'avena e il latte in un pentolino. Cuoci per qualche minuto finchè non si addensa mescolando continuamente. Una volta pronto versa in una ciotola e condisci con mele a cubetti e cannella.
Colazione,Toast con Marmellata e Burro,250,Spalmare burro e marmellata su toast per una colazione dolce.
Colazione,Smoothie di Kiwi e Banana,220,Frullare kiwi e banana con un po' di acqua per una bevanda rinfrescante.
Colazione,Pancake con Ricotta e Frutta,350,Prepara i pancake mescolando in una ciotola uova e zucchero. Aggiungi il latte e il lievito chimico e continua a mescolare. Aggiungi la farina e mescola. Lascia riposare per 30 minuti. Scalda una padella con una noce di burro e cuoci i pancake. Una volta pronti spostali su un piatto e guarnire con ricotta e frutta fresca.
Colazione,Frutta Fresca (Melone),100,Mangiare melone fresco come colazione.
Colazione,Yogurt con Miele e Semi di Lino,270,Mescolare yogurt con miele e semi di lino.
Colazione,Porridge con Banana e Miele,260,Per preparare il porridge comincia unendo i fiocchi d'avena e il latte in un pentolino. Cuoci per qualche minuto finchè non si addensa mescolando continuamente. Una volta pronto versa in una ciotola e aggiungere banana e miele.
Colazione,Toast con Burro di Mandorle e Miele,270,Spalmare burro di mandorle su toast e aggiungere miele.
Colazione,Smoothie di Fragola e Yogurt,230,Frullare fragole e yogurt per una bevanda leggera e gustosa.
Colazione,Pancake con Sciroppo d'Acero e Frutta,340,Prepara i pancake mescolando in una ciotola uova e zucchero. Aggiungi il latte e il lievito chimico e continua a mescolare. Aggiungi la farina e mescola. Lascia riposare per 30 minuti. Scalda una padella con una noce di burro e cuoci i pancake. Una volta pronti spostali su un piatto e guarnire con sciroppo d'acero e frutta fresca.
Colazione,Frutta Fresca (Mango),110,Mangiare mango fresco come colazione.
Colazione,Yogurt con Granola e Frutta,280,Mescolare yogurt con granola e frutta fresca.
Colazione,Porridge con Semi di Chia e Frutta,270,Per preparare il porridge comincia unendo i fiocchi d'avena e il latte in un pentolino. Cuoci per qualche minuto finchè non si addensa mescolando continuamente. Una volta pronto versa in una ciotola e aggiungere semi di chia e frutta fresca.
Colazione,Toast con Marmellata e Formaggio Light,230,Spalmare marmellata e formaggio light su toast.
Colazione,Smoothie di Pesca e Yogurt,240,Frullare pesca e yogurt per una bevanda leggera.
Colazione,Pancake con Frutta e Sciroppo d'Acero,340,Prepara i pancake mescolando in una ciotola uova e zucchero. Aggiungi il latte e il lievito chimico e continua a mescolare. Aggiungi la farina e mescola. Lascia riposare per 30 minuti. Scalda una padella con una noce di burro e cuoci i pancake. Una volta pronti spostali su un piatto e servirli con frutta e sciroppo d’acero.
Colazione,Frutta Fresca (Kiwi),80,Mangiare kiwi fresco come colazione.
Colazione,Yogurt con Miele e Semi di Lino,270,Mescolare yogurt con miele e semi di lino.
Colazione,Porridge con Banana e Miele,260,Per preparare il porridge comincia unendo i fiocchi d'avena e il latte in un pentolino. Cuoci per qualche minuto finchè non si addensa mescolando continuamente. Una volta pronto versa in una ciotola e aggiungere banana e miele.
Colazione,Toast con Burro e Marmellata,220,Spalmare burro e marmellata su toast.
Colazione,Smoothie di Kiwi e Banana,220,Frullare kiwi e banana per una colazione leggera.
Colazione,Pancake con Frutta Fresca,230,Prepara i pancake mescolando in una ciotola uova e zucchero. Aggiungi il latte e il lievito chimico e continua a mescolare. Aggiungi la farina e mescola. Lascia riposare per 30 minuti. Scalda una padella con una noce di burro e cuoci i pancake. Una volta pronti spostali su un piatto e guarnire con frutta fresca.
Colazione,Frutta Fresca (Cocomero),100,Mangiare cocomero fresco come colazione.
Colazione,Yogurt con Miele e Semi di Lino,270,Mescolare yogurt con miele e semi di lino.
Colazione,Porridge con Mela e Cannella,260,Per preparare il porridge comincia unendo i fiocchi d'avena e il latte in un pentolino. Cuoci per qualche minuto finchè non si addensa mescolando continuamente. Una volta pronto versa in una ciotola e aggiungere mela e cannella.
Colazione,Toast con Burro di Mandorle e Miele,270,Spalmare burro di mandorle su toast e aggiungere miele.
Colazione,Smoothie di Fragola e Yogurt,230,Frullare fragole e yogurt per una bevanda fresca.
Colazione,Pancake con Ricotta e Frutta,230,Prepara i pancake mescolando in una ciotola uova e zucchero. Aggiungi il latte e il lievito chimico e continua a mescolare. Aggiungi la farina e mescola. Lascia riposare per 30 minuti. Scalda una padella con una noce di burro e cuoci i pancake. Una volta pronti spostali su un piatto e guarnire con ricotta e frutta fresca.
Colazione,Yogurt con Granola e Frutta,280,Mescolare yogurt con granola e frutta fresca.
Colazione,Porridge con Frutta e Semi di Chia,270,Per preparare il porridge comincia unendo i fiocchi d'avena e il latte in un pentolino. Cuoci per qualche minuto finchè non si addensa mescolando continuamente. Una volta pronto versa in una ciotola e aggiungere frutta e semi di chia.
Colazione,Toast con Marmellata e Formaggio Light,230,Spalmare marmellata e formaggio light su toast.
Colazione,Smoothie di Pesca e Yogurt,240,Frullare pesca e yogurt per una bevanda leggera.
Colazione,Pancake con Sciroppo d'Acero e Frutta,340,Prepara i pancake mescolando in una ciotola uova e zucchero. Aggiungi il latte e il lievito chimico e continua a mescolare. Aggiungi la farina e mescola. Lascia riposare per 30 minuti. Scalda una padella con una noce di burro e cuoci i pancake. Una volta pronti spostali su un piatto e guarnire con sciroppo d’acero e frutta fresca.
Colazione,Frutta Fresca (Fragole),90,Mangiare fragole fresche come colazione.
Colazione,Yogurt con Miele e Semi di Lino,270,Mescolare yogurt con miele e semi di lino.
Colazione,Porridge con Banana e Miele,260,Per preparare il porridge comincia unendo i fiocchi d'avena e il latte in un pentolino. Cuoci per qualche minuto finchè non si addensa mescolando continuamente. Una volta pronto versa in una ciotola e aggiungere banana e miele.
Colazione,Toast con Burro e Marmellata,220,Spalmare burro e marmellata su toast.
Colazione,Smoothie di Kiwi e Banana,220,Frullare kiwi e banana per una colazione leggera.
Colazione,Pancake con Frutta Fresca,230,Prepara i pancake mescolando in una ciotola uova e zucchero. Aggiungi il latte e il lievito chimico e continua a mescolare. Aggiungi la farina e mescola. Lascia riposare per 30 minuti. Scalda una padella con una noce di burro e cuoci i pancake. Una volta pronti spostali su un piatto e guarnire con frutta fresca.
Colazione,Frutta Fresca (Cocomero),100,Mangiare cocomero fresco come colazione.
Colazione,Yogurt con Miele e Semi di Lino,270,Mescolare yogurt con miele e semi di lino.
Colazione,Porridge con Mela e Cannella,260,Per preparare il porridge comincia unendo i fiocchi d'avena e il latte in un pentolino. Cuoci per qualche minuto finchè non si addensa mescolando continuamente. Una volta pronto versa in una ciotola e aggiungere mela e cannella.
Colazione,Toast con Burro di Mandorle e Miele,270,Spalmare burro di mandorle su toast e aggiungere miele.
Colazione,Smoothie di Fragola e Yogurt,230,Frullare fragole e yogurt per una bevanda fresca.
Colazione,Pancake con Ricotta e Frutta,230,Prepara i pancake mescolando in una ciotola uova e zucchero. Aggiungi il latte e il lievito chimico e continua a mescolare. Aggiungi la farina e mescola. Lascia riposare per 30 minuti. Scalda una padella con una noce di burro e cuoci i pancake. Una volta pronti spostali su un piatto e guarnire con ricotta e frutta fresca.
Colazione,Yogurt con Granola e Frutta,280,Mescolare yogurt con granola e frutta fresca.
Colazione,Porridge con Frutta e Semi di Chia,270,Per preparare il porridge comincia unendo i fiocchi d'avena e il latte in un pentolino. Cuoci per qualche minuto finchè non si addensa mescolando continuamente. Una volta pronto versa in una ciotola e aggiungere frutta e semi di chia.
Colazione,Toast con Marmellata e Formaggio Light,230,Spalmare marmellata e formaggio light su toast.
Colazione,Porridge con frutta,350,Cuocere l'avena nel latte fino a renderla morbida. Aggiungere frutta fresca e un po' di miele.
Colazione,Toast con avocado e uova,400,"Tosta il pane. Schiaccia l'avocado e aggiungi condimenti a piacimento. Spalma il guacamole sul pane tostato. Cuocere un uovo (strapazzato o al tegamino) e aggiungerlo sopra."
Colazione,Yogurt greco con miele e noci,300,Mescolare yogurt greco con miele e noci tritate.
Colazione,Smoothie di banana e spinaci,250,"Frullare una banana, una manciata di spinaci freschi e latte (o una bevanda vegetale) fino a ottenere un composto omogeneo."
Colazione,Pancake integrali con sciroppo d'acero,450,Prepara i pancake mescolando in una ciotola uova e zucchero. Aggiungi il latte e il lievito chimico e continua a mescolare. Aggiungi la farina integrale e mescola. Lascia riposare per 30 minuti. Scalda una padella con una noce di burro e cuoci i pancake. Una volta pronti spostali su un piatto. Servire con sciroppo d’acero.
Colazione,Muesli con latte di mandorla,350,Mescolare muesli con latte di mandorla e lasciare riposare per qualche minuto.
Colazione,Omelette con verdure,300,Sbattere le uova. Aggiustare di sale e pepe e cuocerle in una padella. Aggiungere le verdure tritate e cuocere fino a solidificazione.
Colazione,Pane integrale con burro di arachidi,350,Spalmare burro di arachidi su fette di pane integrale.
Colazione,Frullato di fragole e avena,300,"Frullare fragole, avena e latte fino a ottenere un composto liscio."
Colazione,Muffin alla banana e noci,400,"Per preparare l'impasto dei muffin inizia preriscaldando il forno a 180 gradi. In una ciotola grande setaccia la farina con il lievito ed il sale e mescola. In un'altra ciotola sbatti le uova con il latte e l'olio. Se vuoi aggiungi degli aromi. Versa gli ingredienti liquidi nei secchi poco per volta e mescola lentamente. Ora aggiungi banane tagliate a fettine e noci. Versa l'impasto nei pirottini ed inforna. Cuoci per 18-20 minuti."
Colazione,Croissant con marmellata,420,Riempire croissant con marmellata a piacere.
Colazione,Uova strapazzate con spinaci,350,Per preparare le uova strapazzate rompi le uova in un tegame. Aggiungi un cucchiaio di latte e sbatti per qualche minuti. Aggiusta di sale e pepe. Cuoci le uova mescolandole così da strapazzarle. Una volta pronte aggiungere spinaci freschi.
Pranzo,Insalata di Quinoa e Ceci,450,Cuocere la quinoa in abbondante acqua per almeno 15 minuti. A parte lessare i ceci. Una volta cotto il tutto unire gli ingredienti in una ciotola. Aggiustare di sale e pepe e aggiungere un filo d'olio.
Pranzo,Petto di Pollo alla Griglia con Verdure,500,Grigliare petto di pollo e servirlo con una selezione di verdure grigliate.
Pranzo,Pasta Integrale con Pomodorini e Basilico,400,Lessa la pasta e cuocila secondo i tempi indicati sulla confezione. A parte taglia i pomodorini. Cotta la pasta aggiungi i pomodorini e il basilico. Aggiungi un filo d'olio.
Pranzo,Zuppa di Lenticchie e Spinaci,350, Per preparare una zuppa di lenticchie inizia pulendo carota e cipolla. In un tegame versa un filo d'olio e fai rosolare le verdure. Una volta dorate aggiungi le lenticchie e dell'acqua e fai cuocere per almeno 30 minuti. A parte cuoci gli spinaci in una padella. Aggiusta sia le lenticchie che gli spinaci con sale e pepe e poi riunisci il tutto in una piatto.
Pranzo,Wrap di Pollo e Avocado,500, Riscalda una griglia e una volte bollente inizia a grigliare il pollo. Taglia l'avocado a fette. Riscalda un wrap su una padella antiaderente e condiscila con ingredienti e spezie a piacimento. Chiudi il wrap e porgi su un piatto.
Pranzo,Salmone al Forno con Asparagi,450,Cuocere il salmone al forno. Pulisci gli asparagi togliendo il gambo. A parte in una padella versa un filo d'olio e una volta caldo aggiungi gli asparagi. Falli cuocere per una decina di minuti. Una volta pronto il tutto impiatta.
Pranzo,Riso Integrale con Zucchine e Tofu,400,Prendi una casseruola e porta dell'acqua ad ebolizzione. Arrivata al bollore versa il riso integrale e fai cuocere seguendo i tempi indicati sulla confezione. Prendi le zucchine e puliscile. Tagliale. Una volta tagliate cuocile in un padella antiaderente con un filo d'olio. Una volta cotte fai rosolare anche il tofu tagliato a cubetti. Quando il riso è pronto scolalo e versalo in un piatto. Aggiungi le zucchine e il tofu.
Pranzo,"Buddha Bowl con Riso, avocado, ceci e verdure fresche",500,"Preparare una Buddha bowl inizia cuocendo il riso secondo i tempi sulla confezione. Lessa i ceci in una casseruola a parte. Pulisci e taglia le verdure che più preferisci. Pulisci e taglia a cubetti l'avocado. Una volta che il riso è pronto riunisci tutti gli ingredienti in una bowl."
Pranzo,Hamburger di Tacchino con Patate Dolci,550,Formare gli hamburger di tacchino con del macinato magro di tacchino. Pela le patate e tagliale della forma che preferisci. Infornare prima le patate a 200° per 30-35 minuti. A 10 minuti dalla fine unire alle patate gli hamburger e far cuocere il tutto. Una volta pronto impiatta.
Pranzo,Insalata di Farro e Verdure,400,Mescolare farro cotto con verdure fresche e condire con olio d'oliva e limone.
Pranzo,Pizza Margherita Fatta in Casa,600,Preparare l'impasto per la pizza con acqua farina lievito e un pizzico di sale. Far lievitare per 4/5 ore minimo e mantenere l'impasto al caldo. Stendere l'impasto su una teglia aggiungendo il pomodoro la mozzarella tagliata olio e parmigiano. Cuocere in forno preriscaldato a 200° per 20 minuti.
Pranzo,Stufato di Manzo con Patate,550,Cuocere il manzo in una padella già calda con dell'olio fino a che non raggiunge la doratura. Tagliare finemente e aggiungere la cipolla la carota e l'aglio lasciando soffriggere. Infine aggiungere le patate tagliate a piacere insieme a sale pepe e rosmarino. Far cuocere tutto a fuoco lento per un'ora.
Pranzo,Frittata di Zucchine e Cipolle,400,Lasciar cuocere per qualche minuto le zucchine tagliate a piacere in una padella insieme alla cipolla tagliata. Aggiungere sopra l'uovo sbattutto con sale e parmigiano. Lasciar cuocere da entrambi i lati. 
Pranzo,Orata al Forno con Verdure,450,Pulire l'orata e disporla su una teglia insieme al rosmarino all'aglio e al limone. Aggiungere verdure a scelta tagliate come si preferisce come zucchine e pomodorini. Cuocere insieme in forno a 180° per 30-40 minuti.
Pranzo,Bocconcini di Pollo con Insalata Mista,500,Taglia il petto di pollo a cubetti. Condiscili con sale pepe e spezie a piacere. Rosola i bocconcini in padella con un filo d'olio fino a doratura uniforme cuocendo per circa 10-15 minuti.
Pranzo,Risotto ai Funghi,500, Soffriggi cipolla e funghi in olio e aggiungi il riso e tostalo. Sfuma con vino bianco. Cuoci aggiungendo brodo gradualmente e manteca con burro e parmigiano a fine cottura.
Pranzo,Lasagna Vegetariana,600, Alterna strati di pasta con verdure grigliate salsa di pomodoro e besciamella aggiungendo mozzarella o parmigiano tra gli strati. Cuoci in forno a 180°C per circa 30-40 minuti fino a doratura.
Pranzo,Sushi Fatto in Casa,450,Cuoci il riso per sushi. Condiscilo con aceto di riso zucchero e sale. Stendilo su fogli di alga nori. Aggiungi pesce crudo verdure o altri ingredienti a piacere. Arrotola il tutto con una stuoia di bambù e taglia a fette.
Pranzo,Couscous con Verdure e Pollo,500,Cuoci il pollo a cubetti in padella con olio e spezie. Aggiungi verdure come zucchine peperoni e carote fino a farle ammorbidire. Prepara il couscous con brodo caldo. Sgranalo e mescolalo con il pollo e le verdure prima di servire.
Pranzo,Tacchino alla Griglia con Verdure,400, Marina le fette di tacchino con olio limone aglio e spezie. Poi grigliale fino a cottura. Griglia le verdure e servi tutto insieme caldo.
Pranzo,Insalata di Riso con Tonno,450,Cuoci il riso. Scolalo e lascialo raffreddare. Mescolalo con tonno sgocciolato e verdure a dadini (come pomodori o peperoni o olive) e condisci con olio sale e pepe. Se preferisci aggiungi anche carote e formaggio e insalata per renderla più gustosa. Lasciar raffreddare così che i sapori si possano unire.
Pranzo,Zuppa di Miso con Tofu,200,Inizia riscaldando il brodo dashi in una pentola. Sciogli la pasta di miso nel brodo mescolando bene e aggiungi cubetti di tofu e alghe wakame. Cuoci a fuoco basso per qualche minuto senza far bollire e guarnisci con cipollotto affettato prima di servire.
Pranzo,Piadina Integrale con Prosciutto e Rucola,300,Inizia cuocendo la piadina integrale in una padella calda fino a doratura su entrambi i lati. Farcisci con fette di prosciutto crudo e rucola fresca aggiungendo eventualmente un po' di formaggio cremoso o una leggera spalmata di senape. Arrotola la piadina e servila calda o a temperatura ambiente.
Pranzo,Pollo alla Cacciatora,500,Rosola i pezzi di pollo in una padella con olio fino a doratura. Aggiungi cipolla e aglio e pomodori pelati e olive nere e capperi. Cuoci il tutto a fuoco lento fino a quando il pollo è tenero e il sugo si è addensato. Aggiusta di sale e pepe e servi con contorni a piacere.
Pranzo,Melanzane alla Parmigiana,400, Affetta le melanzane. Grigliale o friggi fino a doratura e asciugale su carta assorbente. Alterna strati di melanzane con salsa di pomodoro e mozzarella in una teglia cospargendo ogni strato con parmigiano grattugiato. Cuoci in forno a 180°C per circa 30-40 minuti fino a quando il formaggio è fuso e dorato.
Pranzo,Insalata di Pollo con Avocado,350,Griglia o cuoci il petto di pollo poi taglialo a strisce e lascialo raffreddare. Mescola il pollo con avocado a cubetti e pomodorini e cetrioli e un po' di cipolla rossa. Condisci con olio d'oliva e succo di limone e sale e pepe. Servi l'insalata fresca guarnita con erbe aromatiche come prezzemolo o coriandolo.
Pranzo,Ratatouille,300,Cuocere patate e verdure (tagliate entrambe secondo le proprie preferenze) in padella con aromi a scelta in base alle proprie preferenza per preparare un ratatouille.
Pranzo,Farfalle al Pesto,400,Far bollire le farfalle fino alla cottura (indicata sulla busta della pasta). Scolarle e aggiungere pesto di basilico con olio. Servire con una grattugiata di parmigiano.
Pranzo,Gnocchi di Patate con Pomodoro,500,Preparare gli gnocchi con patate insieme a farina e acqua. Creare l'impasto e da lì staccare piccole quantità per realizzare gli gnocchi. Cuocere per pochi minuti in acqua e unire il tutto in salsa di pomodoro.
Pranzo,Polenta con Funghi,400,Preparare polenta in pentola per quaranta minuti ricordandosi di girare sempre. Intanto tagliare e far cuocere i funghi in padella con olio. Servire il tutto insieme. 
Pranzo,Insalata di Pollo e Verdure,350,Griglia o cuoci il petto di pollo. Poi taglialo a strisce e lascialo raffreddare. Mescola il pollo con verdure a cubetti come pomodorini cetrioli e un po' di cipolla rossa. Condisci con olio d'oliva e succo di limone e sale e pepe. Servi l'insalata fresca guarnita con erbe aromatiche come prezzemolo o coriandolo.
Pranzo,Pasta al Pesto di Rucola,400,Frulla rucola con pinoli e parmigiano e aglio e olio d'oliva fino a ottenere un pesto omogeneo. Cuoci la pasta al dente e scolala poi mescolala con il pesto di rucola. Servi subito ed eventualmente aggiungendo un po' di parmigiano grattugiato e un filo d'olio d'oliva.
Pranzo,Zuppa di Carote e Zenzero,300, Soffriggi cipolla e zenzero grattugiato in olio d'oliva fino a doratura. Poi aggiungi carote tagliate a pezzi e brodo vegetale. Cuoci fino a quando le carote sono tenere quindi frulla il tutto fino a ottenere una consistenza cremosa. Aggiusta di sale e pepe e servi caldo con un filo di panna o yogurt greco.
Pranzo,Couscous con Pollo e Verdure,450,Cuoci il pollo a cubetti in una padella con olio e spezie fino a doratura. Poi aggiungi verdure come zucchine peperoni e carote e cuoci fino a quando sono tenere. Prepara il couscous seguendo le istruzioni sulla confezione utilizzando brodo per aggiungere sapore. Mescola il couscous con il pollo e le verdure. Servi caldo guarnito con erbe fresche se desideri.
Pranzo,Pasta con Salsa di Pomodoro e Basilico,400,Cuocere pasta e condirla con salsa di pomodoro e basilico fresco.
Pranzo,Insalata di Ceci e Avocado,400,Mescola ceci cotti e scolati con avocado a cubetti E pomodorini tagliati e cetrioli. Condisci con olio d'oliva e succo di limone e sale e pepe. Aggiungi erbe fresche come prezzemolo o coriandolo. Mescola bene e servi subito oppure lascia riposare in frigorifero per far amalgamare i sapori.
Pranzo,Frittata di Spinaci e Pomodorini,350,Sbatti le uova con sale e pepe e aggiungi spinaci freschi e pomodorini tagliati a metà. Versa il composto in una padella calda con un po' d'olio e cuoci a fuoco medio coprendo con un coperchio fino a quando la frittata è ben cotta e dorata. Se desideri puoi finirla sotto il grill per qualche minuto per una doratura uniforme.
Pranzo,Pollo al Limone con Verdure,500,Rosola i pezzi di pollo in una padella con olio. Aggiungi aglio e succo di limone. Aggiungi verdure come zucchine e peperoni e carote. Cuoci fino a quando il pollo è ben cotto e le verdure sono tenere. Aggiusta di sale e pepe e servi il piatto caldo guarnito con fette di limone e prezzemolo se desideri.
Pranzo,Pizza con Verdure Grigliate,600,Preparare l'impasto per la pizza con acqua farina lievito e un pizzico di sale. Far lievitare per 4/5 ore minimo e mantenere l'impasto al caldo. Stendere l'impasto su una teglia aggiungendo mozzarella e le verdure grigliate e tagliate a piacere. Far cuocere per 20 minuti in forno preriscaldato a 200°.
Pranzo,Insalata di Riso con Verdure e Tofu,450,Cuoci il riso e lascialo raffreddare. Griglia o rosola il tofu a cubetti e mescolalo con verdure a dadini come peperoni e zucchine e pomodorini. Unisci il riso e il tofu alle verdure e condisci con olio d'oliva e succo di limone e sale e pepe. Servi freddo o a temperatura ambiente.
Pranzo,Sgombro al Forno con Patate,500,Preriscalda il forno a 200°C (390°F).Pela le patate (se preferisci) e tagliale a spicchi o a cubetti.Una volta che il forno è caldo riponi lo sgombro nella teglia e inforna. Cuoci per 30 minuti.
Pranzo,Zuppa di Pomodoro con Basilico,300,Soffriggi cipolla e aglio in olio d'oliva fino a doratura. Poi aggiungi pomodori pelati e brodo vegetale cuocendo fino a quando i pomodori sono ben ammorbiditi. Frulla il tutto fino a ottenere una crema liscia e aggiusta di sale e pepe. Infine aggiungi foglie di basilico fresco e servi la zuppa calda guarnita con un filo d'olio d'oliva.
Pranzo,Polpettone di Tacchino con Purè di Patate,550,Mescola carne di tacchino macinata con uova e pane grattugiato e cipolla tritata e spezie. Forma un polpettone e cuocilo in forno a 180°C per circa 40-50 minuti. Nel frattempo lessa le patate. Schiacciale e condiscile con burro latte sale e pepe fino a ottenere un purè cremoso. Servi il polpettone a fette con una generosa porzione di purè di patate.
Pranzo,Spaghetti con Vongole,400,Cuoci gli spaghetti al dente secondo le istruzioni del pacchetto. In una padella soffriggi aglio e peperoncino in olio d'oliva poi aggiungi le vongole pulite e copri fino a quando si aprono. Unisci gli spaghetti scolati al sugo delle vongole e mescola bene. Guarnisci con prezzemolo fresco tritato prima di servire.
Pranzo,Insalata di Tonno e Fagioli,500,Mescola tonno sgocciolato e fagioli cannellini o borlotti entrambi ben scolati. Aggiungi cipolla rossa a fette sottili e pomodorini tagliati e olive nere. Poi condisci con olio d'oliva e succo di limone e sale e pepe. Mescola bene e servi l'insalata fresca eventualmente guarnita con prezzemolo tritato.
Pranzo,Lasagna con Carne e Besciamella,600,Alterna strati di lasagne precotte con ragù di carne (preparato con carne macinata e pomodoro e spezie) e besciamella fatta in casa. Copri l'ultimo strato con una generosa quantità di besciamella e parmigiano grattugiato. Cuoci in forno a 180°C per circa 30-40 minuti fino a quando la superficie è dorata e croccante.
Pranzo,Pollo al Curry con Riso Basmati,400,Rosola pezzi di pollo in una padella con olio aggiungendo cipolla e aglio e spezie come curry in polvere. Aggiungi latte di cocco o pomodoro e cuoci fino a quando il pollo è tenero e il sugo si è addensato. Cuoci il riso basmati seguendo le istruzioni sulla confezione e servi il pollo al curry sopra il riso caldo guarnito con coriandolo fresco se desideri.
Pranzo,Couscous con Verdure e Ceci,450,Cuoci il couscous seguendo le istruzioni sulla confezione utilizzando brodo per un sapore extra. In una padella rosola cipolla carote zucchine e peperoni fino a quando sono tenere. Poi aggiungi ceci precotti e mescola bene. Unisci le verdure e i ceci al couscous. Condisci con olio d'oliva succo di limone sale e pepe. Servi caldo o a temperatura ambiente.
Pranzo,Insalata di Pollo e Frutta,400,Cuoci il petto di pollo e lascialo raffreddare. Poi taglialo a strisce e mescolalo con frutta a cubetti come mela o pera o uva. Aggiungi ingredienti come noci tostate o foglie di spinaci o rucola e condisci con una vinaigrette leggera a base di olio d'oliva e succo di limone. Mescola bene e servi l'insalata fresca eventualmente guarnita con un po' di formaggio feta sbriciolato.
Pranzo,Orata al Forno con Limone e Rosmarino,450,Infila fette di limone e rametti di rosmarino nella cavità del pesce già eviscerato e sciacquato. Condisci l'orata con olio d'oliva e sale e pepe. Cuocila in forno a 180°C per circa 20-25 minuti o fino a quando la carne è opaca e si sfalda facilmente. Servi l'orata calda guarnita con ulteriori fette di limone e rosmarino fresco se desideri.
Pranzo,Spaghetti con Sugo di Pomodoro e Basilico,400,Cuocere spaghetti e condirli con sugo di pomodoro e basilico.
Pranzo,Stufato di Manzo con Verdure,550,Rosola i pezzi di manzo in una pentola con olio fino a doratura. Poi aggiungi cipolla aglio e spezie come rosmarino e timo. Unisci verdure a pezzi come carote patate e sedano. Copri con brodo di carne cuocendo a fuoco lento per circa 1-2 ore fino a quando il manzo è tenero e il sugo si è addensato. Aggiusta di sale e pepe e servi caldo con un contorno di purè o pane croccante.
Pranzo,Frittata con Zucchine e Cipolle,350,Soffriggi cipolla e zucchine a fette in olio d'oliva fino a quando sono tenere. Versa le uova sbattute sopra le verdure. Cuoci a fuoco medio fino a quando la frittata è ben cotta e dorata. Poi girala per cuocere anche l'altro lato se necessario.
Pranzo,Pasta con Pesto di Basilico,400,Cuoci la pasta al dente e scolala. Mescola il pesto di basilico preparato frullando basilico e pinoli e parmigiano e aglio e olio d'oliva con la pasta calda. Servi subito.
Pranzo,Pollo alla Griglia con Salsa BBQ,500,Marina il pollo in una miscela di olio e limone e spezie per almeno 30 minuti. Griglia il pollo a fuoco medio-alto spennellandolo con salsa BBQ durante la cottura fino a quando è ben cotto e caramellato. Servi il pollo caldo accompagnato con ulteriore salsa BBQ a piacere.
Pranzo,Pizza con Funghi e Prosciutto,600,Preparare l'impasto per la pizza con acqua e farina e lievito e un pizzico di sale. Far lievitare per 4/5 ore minimo e mantenere l'impasto al caldo. Stendere l'impasto su una teglia e aggiungere i funghi cotti in padella e la mozzarella tagliata e il prosciutto e olio e parmigiano. Cuocere in forno preriscaldato a 200° per 20 minuti.
Pranzo,Insalata di Quinoa e Verdure Grigliate,450,Cuoci la quinoa e lasciala raffreddare. Griglia verdure a scelta come zucchine e peperoni e melanzane. Mescolale con la quinoa condendo con olio d'oliva succo di limone sale e pepe.
Pranzo,Polpette di Tacchino con Salsa di Pomodoro,550,Mescola carne di tacchino macinata con pane grattugiato e uovo e cipolla tritata e spezie formando delle polpette. Rosola le polpette in una padella con olio fino a doratura poi aggiungi una salsa di pomodoro preparata con pomodori pelati e aglio e basilico. Cuoci a fuoco lento fino a quando le polpette sono ben cotte e immerse nel sugo.
Pranzo,Pasta con Salsa di Formaggio e Broccoli,400,Cuoci i broccoli e la pasta insieme poi scola il tutto. Prepara una salsa di formaggio sciogliendo burro e aggiungendo panna e formaggio grattugiato. Mescola con la pasta e i broccoli e servi caldo.
Pranzo,Zuppa di Porri e Patate,300,Soffriggi porri e patate a cubetti in olio fino a quando sono leggermente dorati. Poi aggiungi brodo vegetale e cuoci fino a quando le patate sono tenere. Frulla il tutto fino a ottenere una crema liscia. Aggiusta di sale e pepe e servi caldo con un filo d'olio d'oliva.
Pranzo,Lasagna con Verdure e Formaggio,600,Alterna strati di lasagne precotte con verdure e formaggio come besciamella fatta in casa. Copri l'ultimo strato con una generosa quantità di besciamella e parmigiano grattugiato. Cuoci in forno a 180°C per circa 30-40 minuti fino a quando la superficie è dorata e croccante.
Pranzo,Couscous con Pollo e Frutta Secca,500,Cuoci il pollo a cubetti in una padella con spezie e olio poi mescolalo con frutta secca tostata come albicocche e mandorle. Prepara il couscous con brodo. Sgranalo e amalgamalo con il pollo e la frutta secca e servi caldo.
Pranzo,Insalata di Tonno e Patate,400,Lessa le patate fino a quando sono tenere poi raffreddale e tagliale a cubetti. Mescola le patate con tonno sgocciolato e cipolla rossa tritata e pomodorini e olive nere. Condisci con olio d'oliva succo di limone sale e pepe. Servi l'insalata fresca o a temperatura ambiente.
Pranzo,Pasta con Sugo di Carciofi,400,Cuoci i carciofi a fettine in una padella con olio d'oliva e aglio e cipolla fino a quando sono teneri. Aggiungi un po' di brodo e cuoci fino a ottenere una consistenza cremosa. Poi unisci la pasta cotta e mescola bene. Aggiusta di sale e pepe e servi caldo. Eventualmente con una spolverata di parmigiano grattugiato.
Pranzo,Frittata con Pomodorini e Mozzarella,350,Sbatti le uova con sale e pepe. Poi versa il composto in una padella calda con olio. Aggiungi pomodorini tagliati a metà e cubetti di mozzarella. Cuoci a fuoco medio fino a quando la frittata è ben cotta e dorata su entrambi i lati.
Pranzo,Pollo al Limone con Asparagi,500,Rosola i pezzi di pollo in una padella con olio aggiungendo succo di limone e aglio e spezie. Aggiungi gli asparagi tagliati e cuoci fino a quando il pollo è ben cotto e gli asparagi sono teneri. Poi servi il piatto caldo.
Pranzo,Pizza con Verdure e Formaggio,600,Preparare l'impasto per la pizza con acqua e farina e lievito e un pizzico di sale. Far lievitare per 4/5 ore minimo e mantenere l'impasto al caldo. Stendere l'impasto su una teglia e aggiungere verdure a scelta tagliate e la mozzarella tagliata. Anche olio e parmigiano. Cuocere in forno preriscaldato a 200° per 20 minuti.
Pranzo,Insalata di Ceci e Peperoni,400,Mescola ceci cotti e scolati con peperoni tagliati a cubetti e cipolla rossa. Condisci con olio d'oliva e succo di limone e sale e pepe. Servi l'insalata fresca o a temperatura ambiente.
Pranzo,Spaghetti con Sugo di Melanzane,400,Rosola melanzane a cubetti in olio d'oliva fino a quando sono dorate e tenere. Poi aggiungi salsa di pomodoro e cuoci fino a far amalgamare i sapori. Cuoci gli spaghetti al dente. Scolali e mescolali con il sugo di melanzane servendo caldo con basilico fresco e parmigiano se desideri.
Pranzo,Polpettone di Carne con Patate,550,Mescola carne macinata con uova e pane grattugiato e cipolla tritata e spezie. Forma un polpettone e cuocilo in forno a 180°C per circa 40-50 minuti. Intorno al polpettone sistema patate tagliate a cubetti condite con olio sale e pepe. Cuoci il tutto insieme fino a quando il polpettone è cotto e le patate sono dorate e tenere.
Pranzo,Pasta con Salsa di Gorgonzola e Noci,400,Sciogli il gorgonzola in una padella con un po' di panna e pepe fino a ottenere una salsa cremosa. Mescola la pasta cotta con la salsa e aggiungi noci tritate. Servi subito guarnendo con ulteriori noci e un po' di prezzemolo se desideri.
Pranzo,Zuppa di Cavolo e Fagioli,300,Soffriggi cipolla e aglio e carote in olio. Aggiungi cavolo tagliato a striscioline e fagioli precotti coprendo con brodo vegetale. Cuoci a fuoco lento fino a quando il cavolo è tenero. Aggiusta di sale e pepe e servi caldo.
Pranzo,Pollo alla griglia con Salsa di Yogurt,450,Marina il pollo con olio e succo di limone e aglio e spezie per almeno 30 minuti. Griglia il pollo fino a doratura e cottura completa spennellandolo occasionalmente con la marinata. Prepara la salsa di yogurt mescolando yogurt greco con erbe fresche tritate e succo di limone e sale e pepe. Servi insieme al pollo grigliato.
Pranzo,Pasta al Forno con Salsiccia e mozzarella,600,"Cuoci la pasta al dente e scolala. Rosola la salsiccia sbriciolata in una padella poi mescolala con salsa di pomodoro e amalgama con la pasta aggiungendo mozzarella a cubetti. Trasferisci il tutto in una teglia e cospargi con parmigiano grattugiato. Cuoci in forno a 180°C per circa 25-30 minuti fino a quando la superficie è dorata e croccante."
Pranzo,Insalata di orata e avocado,400,"Cuoci filetti di orata al vapore o alla griglia e lasciali raffreddare poi sbriciolali delicatamente. Mescola il pesce con avocado a cubetti e pomodorini e cipolla rossa. Condisci con olio d'oliva e succo di limone e sale e pepe."
Pranzo,Polpettine di manzo con salsa di peperoni,500,Forma delle polpettine con carne macinata  pane grattugiato uovo e spezie. Cuocile in una padella con olio fino a doratura. Prepara la salsa frullando peperoni arrostiti con cipolla e aglio e pomodoro. Cuocila con le polpettine fino a quando sono ben cotte e immerse nel sugo.
Pranzo,Risotto con asparagi e parmigiano,500,Soffriggi cipolla in olio e aggiungi il riso e tostalo leggermente. Poi cuoci aggiungendo gradualmente brodo caldo. A metà cottura unisci gli asparagi a pezzetti e quando il risotto è cremoso manteca con parmigiano grattugiato e un po' di burro prima di servire.
Pranzo,Pasta con crema di zucchine e basilico,400,Cuoci le zucchine a pezzetti in olio d'oliva con aglio fino a quando sono tenere. Poi frullale con basilico fresco e un po' di panna o brodo per ottenere una crema. Mescola la crema con la pasta cotta al dente e servi caldo guarnendo con foglie di basilico e parmigiano se desideri.
Pranzo,Stufato di pollo con patate e carote,550,Rosola i pezzi di pollo in una pentola con olio. Poi aggiungi cipolla e carote e patate a cubetti. Copri con brodo di pollo. Cuoci a fuoco lento fino a quando il pollo è tenero e le verdure sono cotte aggiustando di sale e pepe.
Pranzo,Insalata di riso con pollo e mango,450,Cuoci il riso e lascialo raffreddare. Griglia il pollo e taglialo a cubetti. Unisci il riso con il pollo e il mango a pezzi e condisci con olio d'oliva e succo di lime.
Pranzo,Polpette di lenticchie con salsa di pomodoro,400,Cuoci le lenticchie fino a renderle tenere e poi scolale. Frulla le lenticchie con pane grattugiato e spezie quindi forma delle polpette. Cuoci le polpette in padella e servile con salsa di pomodoro calda.
Cena,Filetto di Manzo con Salsa al Vino Rosso,500,Rosola il filetto di manzo in padella fino a raggiungere la cottura desiderata. Rimuovi il filetto e nella stessa padella riduci il vino rosso con burro e brodo per creare la salsa. Versa la salsa sul filetto e servi immediatamente.
Cena,Insalata di Pollo e Mandorle,400,Cuoci il petto di pollo e lascialo raffreddare. Taglia il pollo a strisce o cubetti. Tosta le mandorle in una padella fino a doratura. Mescola il pollo con le mandorle e aggiungi insalata verde e condisci con olio d'oliva e aceto.
Cena,Lasagna di Pesce con Spinaci,600,Alterna strati di lasagne precotte con pesce lessato e cucinato e spinaci (far saltare tutto in padella insieme) e besciamella fatta in casa. Copri l'ultimo strato con una generosa quantità di besciamella e parmigiano grattugiato. Cuoci in forno a 180°C per circa 30-40 minuti fino a quando la superficie è dorata e croccante.
Cena,Stufato di Manzo con Patate e Carote,550,Rosola i pezzi di manzo in una pentola fino a doratura. Aggiungi cipolla e aglio tritati e cuoci per qualche minuto. Unisci patate e carote tagliate a pezzi e copri con brodo. Cuoci a fuoco lento fino a quando la carne e le verdure sono tenere.
Cena,Pollo al Curry con Riso Basmati,450,Cuoci il riso basmati e mettilo da parte. Rosola i pezzi di pollo in una padella fino a doratura. Aggiungi cipolla aglio e spezie da curry e cuoci per qualche minuto. Versa il latte di cocco o brodo e cuoci a fuoco lento fino a quando il pollo è cotto e la salsa è densa.
Cena,Quiche di Funghi e Formaggio,400,Stendi la pasta brisée in una teglia e bucherella il fondo. Rosola i funghi in padella fino a quando sono dorati. Mescola uova panna e formaggio grattugiato in una ciotola. Versa i funghi sulla pasta e aggiungi il composto di uova e cuoci in forno fino a doratura.
Cena,Spaghetti Carbonara,500,Cuoci gli spaghetti in abbondante acqua salata. Rosola il guanciale in una padella fino a renderlo croccante. Sbatti le uova con il pecorino grattugiato in una ciotola. Mescola gli spaghetti scolati con il guanciale e aggiungi il composto di uova mescolando rapidamente fuori dal fuoco.
Cena,Filetti di Sogliola al Limone,350,Infarina leggermente i filetti di sogliola. Scalda l'olio in una padella e cuoci i filetti fino a doratura. Spremi il succo di limone sui filetti e lascia insaporire. Servi i filetti caldi con una spolverata di prezzemolo.
Cena,Polpettone di Carne con Purè di Patate,550,Mescola carne macinata con uova pane grattugiato cipolla tritata e spezie. Forma un polpettone e cuocilo in forno a 180°C per circa 40-50 minuti. Prepara il purè di patate cuocendo le patate e schiacciandole con burro e latte. Servi il polpettone con il purè di patate caldo.
Cena,Insalata di Tonno e Fagioli,450,Scola il tonno e i fagioli e mescolali in una ciotola. Aggiungi cipolla rossa tritata e pomodorini tagliati e olive nere. Condisci con olio d'oliva succo di limone sale e pepe. Mescola bene e servi l'insalata fresca.
Cena,Pizza con Prosciutto e Funghi,600,Preparare l'impasto per la pizza con acqua e farina e lievito e un pizzico di sale. Far lievitare per 4/5 ore minimo e mantenere l'impasto al caldo. Stendere l'impasto su una teglia e aggiungere i funghi cotti e tagliati. Aggiungere anche il prosciutto la mozzarella tagliata olio e parmigiano. Cuocere in forno preriscaldato a 200° per 20 minuti.
Cena,Frittata di Asparagi e Pomodorini,350,Rosola gli asparagi e i pomodorini in una padella con un po' di olio fino a quando sono teneri. Sbatti le uova con sale e pepe e versa il composto sulla verdura. Cuoci la frittata a fuoco medio fino a quando è ben cotta e dorata su entrambi i lati. Servi calda o a temperatura ambiente.
Cena,Stufato di Pollo con Olive e Peperoni,500,Rosola i pezzi di pollo in una pentola con olio fino a doratura. Aggiungi cipolla e peperoni a strisce e cuoci fino a quando sono teneri. Unisci olive nere e un po' di brodo o vino bianco. Cuoci a fuoco lento fino a quando il pollo è tenero e il sugo si è addensato.
Cena,Risotto con Zafferano e Gamberi,500,Soffriggi cipolla tritata in olio o burro e aggiungi il riso. Versa gradualmente brodo caldo e cuoci il riso mescolando spesso. A metà cottura aggiungi lo zafferano sciolto in un po' di brodo e i gamberi sgusciati. Completa la cottura fino a quando il risotto è cremoso e i gamberi sono cotti poi manteca con parmigiano grattugiato.
Cena,Pollo alla Griglia con Salsa di Menta,450,Marina il pollo con olio e succo di limone e spezie. Griglia il pollo fino a cottura completa e doratura. Prepara la salsa di menta frullando menta fresca con yogurt e succo di limone e sale e pepe. Servi il pollo grigliato con la salsa di menta sopra.
Cena,Lasagna Vegetariana,600,Alterna strati di lasagne precotte con strati di verdure a scelta precotte e besciamella fatta in casa. Copri l'ultimo strato con una generosa quantità di besciamella e pomodoro e parmigiano grattugiato. Cuoci in forno a 180°C per circa 30-40 minuti fino a quando la superficie è dorata e croccante.
Cena,Couscous con Verdure e Ceci,400,Cuoci il couscous secondo le istruzioni sulla confezione e sgranalo con una forchetta. In una padella salta le verdure a cubetti come zucchine o peperoni e carote con olio d'oliva. Aggiungi i ceci precotti e mescola bene. Unisci il couscous alle verdure e ai ceci. Condisci con sale pepe e spezie a piacere. Servi caldo.
Cena,Sushi di Salmone e Avocado,500,Cuoci il riso per sushi e lascialo raffreddare. Stendi una foglia di alga nori su un foglio di plastica e distribuisci il riso uniformemente sopra. Aggiungi fettine di salmone e avocado sulla parte superiore del riso. Arrotola l'alga con il riso e gli ingredienti all'interno usando un tappetino di bambù e taglia in pezzi.
Cena,Polpettine di Tacchino con Salsa di Yogurt,450,Mescola carne di tacchino macinata con pane grattugiato e uovo e cipolla tritata e spezie. Forma delle polpettine e cuocile in padella con olio fino a doratura. Prepara la salsa di yogurt mescolando yogurt greco con erbe fresche tritate e succo di limone e sale e pepe. Servi le polpettine calde con la salsa di yogurt.
Cena,Risotto con Funghi e Tartufo,500,Soffriggi cipolla e funghi in una padella con burro. Aggiungi il riso e tostalo per un paio di minuti. Versa gradualmente brodo caldo mescolando frequentemente e cuoci fino a quando il riso è al dente. Manteca con burro e scaglie di tartufo e servi caldo con parmigiano grattugiato se desideri.
Cena,Frittata con Spinaci e Feta,350,Soffriggi gli spinaci in una padella con un po' di olio fino a quando sono appassiti. Sbatti le uova con sale e pepe e versa il composto sugli spinaci. Aggiungi pezzetti di feta e cuoci la frittata a fuoco medio fino a quando è ben cotta e dorata su entrambi i lati. Servi la frittata calda o a temperatura ambiente.
Cena,Spaghetti con Salsa di Pomodoro e Basilico,400,Cuoci gli spaghetti in abbondante acqua salata fino a quando sono al dente. In una padella prepara la salsa soffriggendo aglio in olio d'oliva poi aggiungi pomodori pelati e cuoci fino a quando si addensa. Aggiungi foglie di basilico fresco alla salsa e mescola. Scola gli spaghetti e condisci con la salsa di pomodoro e basilico servendo caldo.
Cena,Stufato di Agnello con Patate,600,Rosola i pezzi di agnello in una pentola con olio fino a doratura. Aggiungi cipolla tritata e cuoci fino a quando è morbida. Unisci patate a cubetti e copri con brodo di carne. Cuoci a fuoco lento fino a quando l'agnello è tenero e le patate sono cotte.
Cena,Insalata di Avocado e Gamberi,400,Cuoci i gamberi in una padella con olio fino a quando sono ben cotti e lasciali raffreddare. Taglia l'avocado a cubetti e mescolalo con i gamberi. Aggiungi pomodorini tagliati e cipolla rossa tritata. Condisci con olio d'oliva e succo di limone e sale e pepe. Servi fresco.
Cena,Pollo alla Griglia con Salsa di Ananas,450,Marina il pollo con succo di lime e olio e spezie per almeno 30 minuti. Griglia il pollo fino a cottura completa e doratura. Prepara la salsa frullando ananas con zucchero di canna e un po' di succo di lime. Servi il pollo grigliato con la salsa di ananas sopra.
Cena,Lasagna con Ragu di Manzo,600,Alterna strati di lasagne precotte con ragù di carne (preparato con carne di manzo e pomodoro e spezie) e besciamella fatta in casa. Copri l'ultimo strato con una generosa quantità di besciamella e parmigiano grattugiato. Cuoci in forno a 180°C per circa 30-40 minuti fino a quando la superficie è dorata e croccante.
Cena,Quiche di Zucchine e Prosciutto,400,Taglia le zucchine a rondelle e cuocile in padella con un filo d'olio. Stendi la pasta sfoglia in una teglia e distribuisci le zucchine e il prosciutto sopra. Sbatti le uova con il formaggio grattugiato e versale sulle zucchine e il prosciutto. Cuoci in forno a 180°C per circa 30 minuti fino a doratura.
Cena,Spaghetti con Salsa di Carciofi e Limone,400,Cuoci gli spaghetti in acqua salata fino a quando sono al dente. Pulisci i carciofi e cuocili in padella con olio e aglio fino a quando sono teneri. Frulla i carciofi con succo di limone e un po' di acqua di cottura della pasta. Mescola gli spaghetti con la salsa di carciofi e servi caldi.
Cena,Stufato di Pollo con Patate e Piselli,500,Taglia il pollo a pezzi e rosolalo in una pentola con olio fino a doratura. Aggiungi le patate pelate e tagliate a cubetti insieme ai piselli. Versa del brodo nella pentola e lascia cuocere a fuoco lento fino a quando il pollo e le patate sono teneri. Aggiusta di sale e pepe prima di servire caldo.
Cena,Polpettone di Tacchino con Salsa di Pomodoro,500,Mescola la carne di tacchino macinata con pangrattato e uova e spezie in una ciotola. Forma un polpettone e disponilo in una teglia da forno. Cuoci in forno a 180°C fino a doratura e cottura completa. Prepara una salsa di pomodoro e versala sul polpettone prima di servire.
Cena,Insalata di Feta e Pomodori Secchi,350,Taglia la feta a cubetti e mettila in una ciotola. Aggiungi i pomodori secchi tagliati a strisce. Condisci con olio d'oliva e origano. Mescola bene e servi l'insalata fresca.
Cena,Frittata con Broccoli e Cheddar,350,Cuoci i broccoli a vapore fino a renderli teneri. Sbatti le uova in una ciotola e aggiungi il formaggio cheddar grattugiato. Mescola i broccoli cotti con le uova e versa il composto in una padella calda. Cuoci la frittata fino a quando è dorata e ben cotta.
Cena,Spaghetti con Salsa di Melanzane e Basilico,400,Taglia le melanzane a cubetti e falle rosolare in padella fino a doratura. Cuoci gli spaghetti in abbondante acqua salata. Prepara una salsa con le melanzane cotte e il basilico fresco e un po' di olio d'oliva. Scola gli spaghetti e mescolali con la salsa di melanzane e basilico.
Cena,Pollo al Forno con Patate e Rosmarino,500,Taglia le patate a pezzi e mettile in una teglia con olio e rosmarino. Disponi il pollo sopra le patate e condiscilo con sale e pepe. Cuoci in forno preriscaldato a 180°C per circa un'ora. Verifica la cottura del pollo e delle patate prima di servire.
Cena,Risotto con Radicchio e Speck,500,Soffriggi lo speck in una padella fino a renderlo croccante. Aggiungi il radicchio tagliato a strisce e cuoci finché appassisce. Unisci il riso e tostalo per un paio di minuti. Aggiungi il brodo poco alla volta fino a cottura ultimata del riso.
Cena,Pizza con Tonno e Cipolle,600,Preparare l'impasto per la pizza con acqua e farina e lievito e un pizzico di sale. Far lievitare per 4/5 ore minimo e mantenere l'impasto al caldo. Stendere l'impasto su una teglia e aggiungere il tonno sgocciolato insieme a la mozzarella tagliata e la cipolla tagliata e olio e parmigiano. Cuocere in forno preriscaldato a 200° per 20 minuti.
Cena,Lasagna con Ricotta e Spinaci,600,Alterna strati di lasagne precotte con ricotta e spinaci e besciamella fatta in casa. Copri l'ultimo strato con una generosa quantità di besciamella e parmigiano grattugiato. Cuoci in forno a 180°C per circa 30-40 minuti fino a quando la superficie è dorata e croccante.
Cena,Polpette di Carne con Salsa di Yogurt e Cetrioli,500,Mescola la carne macinata con pangrattato e uovo e spezie. Forma delle polpette e cuocile in una padella fino a doratura. Prepara la salsa mescolando yogurt e cetrioli grattugiati. Servi le polpette con la salsa di yogurt e cetrioli.
Cena,Insalata di Pollo e Avocado con Salsa di Lime,450,Griglia il petto di pollo e taglialo a strisce. Taglia l'avocado a cubetti e mettilo in una ciotola. Prepara la salsa mescolando succo di lime e olio d'oliva e spezie. Mescola il pollo e l'avocado con la salsa di lime.
Cena,Spaghetti con Salsa di Peperoni e Pomodori,400,Arrostisci i peperoni fino a quando la pelle è bruciata. Rimuovi la pelle dai peperoni e tagliali a pezzetti. In una padella cuoci i pomodori tritati e i peperoni con olio d'oliva fino a ottenere una salsa densa. Cuoci gli spaghetti e condiscili con la salsa di peperoni e pomodori.
Cena,Stufato di Vitello con Patate e Cipolle,600,Rosola i pezzi di vitello in una pentola con olio fino a dorarli. Aggiungi cipolle affettate e cuoci fino a quando sono trasparenti. Unisci le patate tagliate a cubetti e aggiungi brodo. Copri e lascia cuocere a fuoco lento fino a quando il vitello e le patate sono teneri.
Cena,Risotto con Zucchine e Gorgonzola,500,Soffriggi cipolla tritata in una pentola con burro. Aggiungi il riso e tosta per un paio di minuti. Unisci le zucchine a cubetti e aggiungi brodo poco alla volta fino a cottura completa del riso. Manteca con il gorgonzola sbriciolato e servi caldo.
Cena,Quiche di Salmone e Porri,400,Prepara la base per la quiche e stendila in una teglia. Cuoci i porri a fettine in una padella con un po' di burro fino a farli diventare morbidi. Distribuisci i porri e il salmone a pezzetti sulla base. Versa un composto di uova e panna sopra e cuoci in forno a 180°C per circa 30 minuti.
Cena,Pollo al Curry con Verdure,500,Taglia il pollo a pezzi e rosolalo in una padella con olio. Aggiungi le verdure tagliate a cubetti e cuoci fino a renderle tenere. Unisci la pasta di curry e mescola bene. Versa del brodo caldo e lascia cuocere fino a ottenere una salsa densa.
Cena,Lasagna con Funghi e Besciamella,600,Alterna strati di lasagne precotte con funghi cucinati in padella e besciamella fatta in casa. Copri l'ultimo strato con una generosa quantità di besciamella e parmigiano grattugiato. Cuoci in forno a 180°C per circa 30-40 minuti fino a quando la superficie è dorata e croccante.
Cena,Frittata con Pomodorini e Mozzarella,350,Sbatti le uova in una ciotola e aggiungi sale e pepe. Taglia i pomodorini a metà e la mozzarella a cubetti. Scalda l'olio in una padella e cuoci i pomodorini per pochi minuti. Versa le uova sbattute nella padella. Distribuisci la mozzarella e cuoci fino a che la frittata è ben dorata.
Cena,Spaghetti con Salsa di Melanzane e Pomodorini,400,Taglia le melanzane a cubetti e falle cuocere in padella con olio fino a che sono tenere. Aggiungi i pomodorini tagliati a metà e cuoci fino a quando si ammorbidiscono. Cuoci gli spaghetti in acqua salata e scolali al dente. Mescola gli spaghetti con la salsa di melanzane e pomodorini e servi con basilico fresco.
Cena,Polpettone di Manzo con Verdure al Forno,550,Mescola la carne di manzo macinata con uova pangrattato e spezie. Forma un polpettone e sistemalo su una teglia. Taglia le verdure a pezzi e distribuiscile intorno al polpettone. Cuoci in forno a 180°C per circa un'ora girando le verdure a metà cottura.
Cena,Insalata di Tonno con Patate e Fagiolini,400,Cuoci le patate in acqua bollente fino a che sono tenere. Aggiungi i fagiolini e cuocili insieme per qualche minuto. Scola e raffredda patate e fagiolini. Mescola con tonno e olio d'oliva e sale.
Cena,Pollo al Forno con Salsa di Peperoni,500,Prepara la salsa frullando peperoni arrostiti con aglio e olio d'oliva. Condisci il pollo con sale e pepe e disponilo in una teglia. Versa la salsa di peperoni sul pollo. Cuoci in forno a 180°C per circa 45 minuti fino a cottura completa.
Cena,Risotto con Asparagi e Tartufo,500,Inizia cuocendo gli asparagi in acqua salata e poi tagliali a pezzi. Soffriggi cipolla tritata in olio d'oliva in una pentola. Aggiungi il riso e tostalo per qualche minuto. Versa brodo caldo poco alla volta mescolando poi unisci gli asparagi e il tartufo grattugiato e cuoci fino a quando il risotto è cremoso.
Cena,Quiche di Verdure e Formaggio,400,Prepara la base della quiche stendendo la pasta frolla in una teglia e cuocila in forno per 10 minuti. In una ciotola mescola le uova con la panna e aggiungi il formaggio grattugiato. Distribuisci le verdure tagliate a pezzi sulla base precotta e versa sopra il composto di uova e panna. Cuoci in forno a 180°C per circa 30 minuti fino a doratura.
Cena,Polpettine di Tacchino con Salsa di Pomodoro,450,Mescola la carne di tacchino macinata con pangrattato e uovo e spezie. Forma delle piccole polpettine e cuocile in una padella con un filo d'olio fino a doratura. In un'altra pentola riscalda la salsa di pomodoro e aggiungi le polpettine. Lascia cuocere tutto insieme per circa 15 minuti.
Cena,Pizza con Zucchine e Prosciutto,600,Preparare l'impasto per la pizza con acqua e farina e lievito e un pizzico di sale. Far lievitare per 4/5 ore minimo e mantenere l'impasto al caldo. Stendere l'impasto su una teglia e aggiungere il prosciutto le verdure la mozzarella tagliate olio e parmigiano. Cuocere in forno preriscaldato a 200° per 20 minuti.
Cena,Lasagna con Ragu di Pollo,600,Alterna strati di lasagne precotte con ragù di pollo (preparato con pollo sfilacciato e pomodoro e spezie) e besciamella fatta in casa. Copri l'ultimo strato con una generosa quantità di besciamella e parmigiano grattugiato. Cuoci in forno a 180°C per circa 30-40 minuti fino a quando la superficie è dorata e croccante.
Cena,Spaghetti con Salsa di Pomodorini e Basilico,400,Cuoci gli spaghetti in abbondante acqua salata. In una padella scalda l'olio e aggiungi i pomodorini tagliati a metà. Cuoci i pomodorini finché non sono morbidi e aggiungi il basilico fresco spezzettato. Mescola la salsa con gli spaghetti cotti e servi caldo.
Cena,Stufato di Manzo con Patate e Piselli,550,Rosola i cubetti di manzo in una pentola con olio caldo. Aggiungi le patate tagliate a pezzi e i piselli. Copri con brodo e cuoci a fuoco lento fino a quando la carne è tenera. Regola di sale e pepe e servi caldo.
Cena,Pollo alla Griglia con Salsa di Ananas e Peperoni,500,Marina i pezzi di pollo con succo di ananas e olio e spezie. Cuoci il pollo alla griglia fino a quando è ben cotto e dorato. In una padella prepara la salsa con ananas e peperoni e un po' di succo di limone. Servi il pollo con la salsa di ananas e peperoni sopra.
Cena,Risotto con Funghi e Mascarpone,500,Soffriggi cipolla e aglio in burro fino a doratura. Aggiungi i funghi e cuoci finché sono teneri. Unisci il riso e tosta per qualche minuto. Aggiungi brodo caldo gradualmente mescolando e alla fine incorpora il mascarpone fino a ottenere una consistenza cremosa.
Cena,Quiche di Prosciutto e Formaggio,400,Prepara la pasta brisée e stendila in una teglia. In una ciotola mescola uova e panna e sale e pepe. Aggiungi il prosciutto e il formaggio grattugiato alla miscela di uova. Versa il composto nella pasta e cuoci in forno preriscaldato a 180°C per 35-40 minuti fino a doratura.
Cena,Spaghetti con Salsa di Carciofi e Parmigiano,400,Cuoci gli spaghetti in acqua salata seguendo le istruzioni. In una padella scalda l'olio e aggiungi i carciofi tagliati a fettine. Cuoci i carciofi fino a quando sono teneri e poi frulla il tutto per ottenere una salsa. Mescola gli spaghetti con la salsa di carciofi e aggiungi il parmigiano grattugiato prima di servire.
Cena,Polpettone di Manzo con Salsa di Pomodoro e Basilico,550,Prepara il polpettone mescolando carne macinata con pane grattugiato e uovo e spezie. Forma un cilindro con il composto e cuocilo in forno a 180°C per circa 60 minuti. In una pentola scalda la salsa di pomodoro e aggiungi foglie di basilico fresco. Servi il polpettone a fette con la salsa di pomodoro e basilico sopra.
Cena,Insalata di Salmone e Rucola,400,Cuoci i filetti di salmone in padella fino a cottura completa. Lascia raffreddare il salmone e spezzettalo. Mescola la rucola con il salmone in una ciotola. Condisci con olio d'oliva e succo di limone e sale e pepe.
Cena,Spaghetti con Salsa di Melanzane e Peperoni,400,Taglia le melanzane e i peperoni a cubetti e rofalli in padella con olio d'oliva fino a renderli morbidi. Aggiungi uno spicchio d'aglio tritato e cuoci per qualche minuto. Unisci i pomodori pelati e lascia cuocere fino a ottenere una salsa densa. Cuoci gli spaghetti al dente e condiscili con la salsa di melanzane e peperoni.
Cena,Stufato di Agnello con Patate e Carote,600,Rosola i pezzi di agnello in una casseruola con olio fino a dorarli. Aggiungi cipolla tritata e cuoci fino a farla diventare trasparente. Unisci le patate e le carote tagliate a pezzi e versa del brodo. Copri e lascia cuocere a fuoco lento fino a quando l'agnello e le verdure sono teneri.
Cena,Pollo al Forno con Salsa di Miele e Senape,500,Prepara la salsa mescolando miele e senape in una ciotola. Spennella il pollo con la salsa e condiscilo con sale e pepe. Cuoci il pollo in forno preriscaldato a 200°C per circa 40 minuti spennellando di tanto in tanto con la salsa. Verifica che il pollo sia ben cotto e servi caldo.
Cena,Quiche di Zucchine e Prosciutto,400,Prepara la base di pasta brisée e stendila in una teglia. In una ciotola mescola le zucchine grattugiate e il prosciutto a pezzetti e un po' di formaggio grattugiato. Versa il composto sulla base di pasta e cuoci in forno preriscaldato a 180°C per circa 35 minuti. Lascia raffreddare leggermente prima di servire.
Cena,Spaghetti con Salsa di Pomodori Secchi e Capperi,400,Cuoci gli spaghetti in acqua salata fino a quando sono al dente. In una padella scalda un po' di olio d'oliva e aggiungi i pomodori secchi tritati e i capperi. Cuoci per alcuni minuti e aggiungi un po' di acqua di cottura della pasta. Mescola la salsa con gli spaghetti e servi caldo.
Cena,Polpettine di Manzo con Salsa di Vino Rosso,500,Preparare polpettine unendo in una ciotola carne macinata con pane grattugiato e uovo e spezie. Forma le polpettine. In una padella versa un filo d'olio e una volta caldo aggiungi le polpette e fai rosolare per qualche minuto. A parte prepara un bicchiere di vino rosso e aggiungi un cucchiaino di amido di mais e mescola. Quando le polpette saranno rosolate versa il bicchiere di vino e cuoci fin quando non sarà addensato e le polpette cotte. 
Cena,Risotto con Radicchio e Gorgonzola,500,Soffriggi cipolla e aglio in burro fino a doratura. Aggiungi il radicchio e cuoci finché tenero. Unisci il riso e tosta per qualche minuto. Aggiungi brodo caldo gradualmente mescolando e alla fine incorpora il gorgonzola fino a ottenere una consistenza cremosa.
Cena,Insalata di Pollo e Avocado con Salsa di Lime,450,Lava l'insalata e tagliala e poi mettila in una ciotola. Fai la stessa cosa con l'avocado e uniscilo all'insalata. A parte griglia il pollo. Una volta cotto taglialo come preferisci e aggiungilo all'insalta e all'avocado. Condisci con sale e succo di lime.
Cena,Stufato di Manzo con Patate e Piselli,550,Infarina la carne e rosola in una pentola con un filo d'olio. Nello stesso tegame aggiungi un trito di cipolla e carota. Una volta rosolato sfuma con vino rosso. A parte lava e taglia le patate a cubetti. Una volta evaporato l'alcol aggiungi le patate e i piselli nel tegame. Allunga con acqua o brodo vegetale e lascia cuocere finchè le patate non sono perfettamente cotte.
Cena,Quiche di Funghi e Gruyère,400,In una padella fai soffriggere dell'aglio con un filo d'olio e poi versa i funghi. Copri e fai cuocere per una decina di minuti. Grattugia il groviera. Usa un rotolo di pasta brisèè già pronto. Stendilo su una tortiera. In una ciotola versa i funghi con il groviera grattuggiato e aggiungi due uova. Aggiusta di sale e pepe e mescola. Versa il composto sulla pasta di brisèè e inforna per 20 minuti a 180 gradi.
Cena,Pollo alla Griglia con Salsa di Pomodoro e Basilico,450,Soffri aglio e cipolla con un filo d'olio. Versa la passata di pomodoro e fai cuocere per una decina di minuti. Aggiusta di sale. A parte su una griglia griglia il pollo. Una volta cotto il pollo impiatta e versa su un mestolo di salsa.
Cena,Spaghetti con Salsa di Peperoni e Basilico,400,Lava e taglia i peperoni. Fai cuocere in padella con un filo d'olio per circa 15 minuti. Una volta cotti falli raffreddare e poi frullali. Aggiusta di sale e pepe. Riempi una casseruola con dell'acqua e porta a bollore. Aggiungi il sale e cala la pasta. Fai cuocere secondo i tempi indicati sulla confezione. Scola la pasta e manteca con la salsa ai peperoni.
Cena,Lasagna con Ragu di Manzo e Mozzarella,600,Alterna strati di lasagne precotte con ragù di manzo (preparato con manzo macinato e pomodoro e spezie) e besciamella fatta in casa. Copri l'ultimo strato con una generosa quantità di besciamella e parmigiano grattugiato. Cuoci in forno a 180°C per circa 30-40 minuti fino a quando la superficie è dorata e croccante.
Cena,Stufato di Pollo con Patate e Cipolle,500,Infarina il pollo e rosola in una pentola con un filo d'olio. Nello stesso tegame aggiungi un trito di cipolla e carota. Una volta rosolato sfuma con vino rosso. A parte lava e taglia le patate a cubetti. Una volta evaporato l'alcol aggiungi le patate e le cipolle tagliate sottili nel tegame. Allunga con acqua o brodo vegetale e lascia cuocere finchè le patate non sono perfettamente cotte.
Cena,Quiche di Zucchine e Feta,400,Prepara la base di pasta brisée e stendila in una teglia. In una ciotola mescola le zucchine grattugiate e la feta sciacquata a pezzetti e un po' di formaggio grattugiato. Versa il composto sulla base di pasta e cuoci in forno preriscaldato a 180°C per circa 35 minuti. Lascia raffreddare leggermente prima di servire.
Cena,Polpettine di Tacchino con Salsa di Mirtilli,450,Preparare polpettine unendo in una ciotola carne macinata con pane grattugiato e uovo e spezie. Forma le polpettine. In una padella versa un filo d'olio e una volta caldo aggiungi le polpette e fai rosolare per qualche minuto. A parte frulla i mirtilli. Colali con un colino e aggiungi un cucchiaino di amido di mais e mescola. Quando le polpette saranno rosolate versa la salsa di mirtilli e cuoci fin quando non sarà addensata e le polpette cotte. 
Cena,Spaghetti con Salsa di Pomodori e Olive,400, In una padella fai rosolare un filo d'olio con aglio e olive. Aggiungi i podomodori precedentemente lavati e tagliati. Aggiusta di sale e fai cuocere per una ventina di minuti. Aggiugni acqua se serve. A parte prepara una casseruola con dell'acqua e porta ad ebollizione. Cuoci gli spaghetti secondo i tempi indicati dalla confezione. Scola la pasta e manteca con la salsa preparata precedentemente.
Cena,Lasagna con Funghi e Prosciutto,600,Alterna strati di lasagne precotte con funghi cotti in padella e prosciutto e besciamella fatta in casa. Copri l'ultimo strato con una generosa quantità di besciamella e parmigiano grattugiato. Cuoci in forno a 180°C per circa 30-40 minuti fino a quando la superficie è dorata e croccante.
Spuntino,Bruschette con Pomodoro e Basilico,150,Pane tostato con pomodoro fresco e basilico.
Spuntino,Panino con Prosciutto e Formaggio,200,Panino farcito con prosciutto e formaggio.
Spuntino,Mini Quiche con Spinaci e Ricotta,100,Ritaglia dei dischi di pasta brisèè e mettile in delle tortiere della grandezza del disco. A parte cuoci gli spinaci. In una ciotola ammorbidisci la ricotta e aggiusta di sale e pepe. Aggiungi gli spinaci alla ricotta e un uovo. Versa il composto nelle tortiere piccole. Cuoci in forno per 20 minuti a 180 gradi.
Spuntino,Polpettine di Tacchino,150,Preparare polpettine unendo in una ciotola carne macinata con pane grattugiato e uovo e spezie. Forma le polpettine. In una padella versa un filo d'olio e una volta caldo aggiungi le polpette e fai cuocere per 10-15 minuti.
Spuntino,Roll di Salmone e Formaggio,120,Fette di salmone affumicato arrotolate con formaggio cremoso.
Spuntino,Insalata di Couscous e Verdure,200, Metti del couscous in una ciotola e aggiungi le spezie che preferisci. Riscalda dell'acqua in un pentolino e versala sul couscous fino a coprirlo. In una padella cuoci le verdure che preferisci con un filo d'olio. Passati 10 minuti sgrana il couscous con una forchetta e aggiungi le verdure cotte.
Spuntino,Spiedini di Mozzarella e Pomodorini,100,Crea degli spiedini con bocconcini di mozzarella e pomodorini tagliati a metà.
Spuntino,Barrette di Cereali e Frutta,100,Unisci in una ciotola frutta secca tritata e avena. Mescola. Aggiungi un cucchiaino di miele e cacao se vuoi. Su una leccarda con carta forno versa il composto e fai cuocere per 10 minuti a 200. Una volta cotto taglialo in rettangoli più piccoli.
Spuntino,Patatine al Forno,150,Patatine croccanti cotte al forno.
Spuntino,Mini Frittate con Erbe Aromatiche,120,Sbatti le uova con sale e pepe. Aggiungi le erbe aromatiche. Riscalda una padella con un filo d'olio e versa un mestolo di composto. Cuoci per qualche minuto fino a doratura e poi gira.
Spuntino,Humus con Bastoncini di Verdure,150,Crema di humus servita con bastoncini di carote e cetrioli.
Spuntino,Crackers con Formaggio e Marmellata,100,Crackers serviti con formaggio e marmellata.
Spuntino,Frutta Fresca di Stagione,200,Frutta fresca tagliata a pezzi.
Spuntino,Chips di Kale,50,Chips croccanti di cavolo riccio.
Spuntino,Mini Sandwich con Uovo e Avocado,180,Porta dell'acqua ad ebollizione. Versa le uova intere e fai cuocere per 12 minuti. Raffredate le uova sbucciale e tagliale a fette. Pulisci l'avocado. Farcisci il panino.
Spuntino,Toast con Marmellata e Burro,150,Toast con burro e marmellata.
Spuntino,Melone e Prosciutto,150,Fette di melone avvolte in prosciutto crudo.
Spuntino,Cheesecake in Mini Porzioni,120, Frulla dei biscotti con un filo d'olio vegetale. Prepara una crema con formaggio fresco e uova e se vuoi un cucchiaino di zucchero. In dei vasetti componi la tua cheesecake
Spuntino,Yogurt con Frutta e Miele,150,Yogurt servito con frutta fresca e miele.
Spuntino,Panino con Tacchino e Avocado,200,Panino farcito con tacchino e avocado.
Spuntino,Spiedini di Frutta,150,Spiedini con pezzi di frutta assortita.
Spuntino,Mini Pizze con Pomodoro e Basilico,150,Piccole pizzette del fornaio con pomodoro e basilico.
Spuntino,Tocchetti di Parmigiano,80,Parmigiano tagliato a cubetti
Spuntino,Guacamole con Tortilla Chips,150,Guacamole servito con tortilla chips.
Spuntino,Edamame al Vapore,150,Edamame cotto al vapore e salato.
Spuntino,Muffin Salati con Zucchine e Formaggio,120,In una terrina sbatti le uova con formaggio grattuggiato e zucchine precedentemente lavate e grattuggiate. Aggiusta di sale e pepe.Aggiungi del lievito chimico non vanigliato e mescola. Versa in pirottini e fai cuocere per 25 minuti a 180°
Spuntino,Frutta Secca Mista,100,Frutta secca assortita.
Spuntino,Caprese Skewers,120,Spiedini con mozzarella
Spuntino,Mini Tacos con Carne e Verdure,200,Mini tacos farciti con carne cotta alla griglia e verdure cotte al vapore.
Spuntino,Panino con Hummus e Verdure,200,Panino farcito con hummus e verdure grigliate.
Spuntino,Crepes con Ricotta e Miele,150,Per preparare le crepes sbatti in una ciotola uova con latte e farina. Fai riposare l'impasto per 30 minuti in frigo. Ora cuoci le crepes. Nel frattempo sbatti in una terrina a parte della ricotta e un cucchiaino di miele. Usa questo composto per farcire le tue crepes.
Spuntino,Popcorn al Naturale,100,Popcorn senza burro.
Spuntino,Chips di Patate Dolci,150,Chips croccanti di patate dolci.
Spuntino,Mini Croissant con Marmellata,120,Mini croissant del fornaio ripieni di marmellata.
Spuntino,Carote e Cetrioli con Salsa Yogurt,150,Carote e cetrioli serviti con salsa yogurt.
Spuntino,Panino con Salame e Formaggio,200,Panino farcito con salame e formaggio.
Spuntino,Barrette di Frutta e Noci,100,Barrette con frutta secca e noci.
Spuntino,Salatini al Sesamo,80,Salatini croccanti al sesamo.
Spuntino,Crema di Formaggio con Crackers,150,Crema di formaggio servita con crackers.
Spuntino,Frutta a Cubetti con Spezie,150,Frutta a cubetti con una spruzzata di spezie.
Spuntino,Mini chips di verdure,120,Chips di verdure non fritte ma al forno.
Spuntino,Insalata di Tonno e Fagioli,200,Scola il tonno al naturale e i fagioli dal loro liquido e uniscili all'insalata tagliata e lavata. Aggiusta di olio e sale.
Spuntino,Mini Pizza con Funghi e Mozzarella,150,Preparare l'impasto per la pizza con acqua e farina e lievito e un pizzico di sale. Far lievitare per 4/5 ore minimo e mantenere l'impasto al caldo. Stendere l'impasto su una teglia. Aggiungere i funghi tagliati a piacere la mozzarella tagliata olio e parmigiano. Cuocere in forno preriscaldato a 200° per 20 minuti.
Spuntino,Tartine con Salmone e Aneto,100,Tartine con salmone affumicato e aneto.
Spuntino,Spiedini di Mozzarella e Prosciutto,100,Spiedini con mozzarella e prosciutto crudo.
Spuntino,Chips di Zucca,150,Chips croccanti di zucca.
Spuntino,Mini Frittatine di Patate,120,Sbatti le uova con sale e pepe. Aggiungi le patate lessate precedentemente. Riscalda una padella con un filo d'olio e versa un mestolo di composto. Cuoci per qualche minuto fino a doratura e poi gira.
Spuntino,Frutta con Yogurt e Miele,150,Frutta fresca servita con yogurt e miele.
Spuntino,Toast con Formaggio e Pomodoro,150,Toast farcito con formaggio e pomodoro.
Spuntino,Mini Hamburger di Tacchino,180,Piccoli hamburger di tacchino.
Spuntino,Polpette di Ceci,150,Frulla i ceci con farina e spezie. Aggiungi un uovo. Forma le polpette e cuocile al forno per 10 minuti a 170 gradi.
Spuntino,Biscotti alla Cannella,80,Per preparare i biscotti metti in una ciotola l'olio vegetale e la farina. Aggiungi un cucchiaino di zucchero. Impasta. Aggiungi un uovo con la cannella e finisci di impastare. Fai riposare la pasta per almen0 20 minuti. Poi stendila e forma i biscotti della forma che preferisci. Cuoci a 170 gradi per 20 minuti.
Spuntino,Insalata di Riso e Verdure,200,Lessa il riso in abbondante acqua salata e aggiungi verdure crude che preferisci.
Spuntino,Mini Wrap con Pollo e Verdure,200,Mini wrap farcito con pollo alla griglia e verdure.
Spuntino,Frutta Fresca con Formaggio,150,Frutta fresca servita con formaggio cremoso.
Spuntino,Crackers con Hummus e Olive,150,Crackers serviti con hummus e olive.
Spuntino,Cheesecake al Limone in Mini Porzioni,120,Frulla dei biscotti con un filo d'olio vegetale. Prepara una crema con formaggio fresco e uova e se vuoi un cucchiaino di zucchero. Aggiungi del succo di limone. In dei vasetti componi la tua cheesecake
Spuntino,Barrette di Riso e Miele,100,Barrette croccanti di riso e miele.
Spuntino,Frutta a Cubetti con Yogurt,150,Frutta a cubetti servita con yogurt.
Spuntino,Mini Hot Dog con Senape,150,Mini hot dog servito con senape.
Spuntino,Panino con Uovo e Spinaci,200,Cuoci le uova intere in abbondante acqua per 12 minuti. A parte cuoci gli spinaci. Farcisci un panino. 
Spuntino,Popcorn al Formaggio,100,Popcorn aromatizzati al formaggio.
Spuntino,Mini Muffin al Cioccolato,120,Per preparare l'impasto dei muffin inizia preriscaldando il forno a 180 gradi. In una ciotola grande setaccia la farina con il lievito ed il sale e mescola. In un'altra ciotola sbatti le uova con il latte e l'olio. Se vuoi aggiungi degli aromi. Versa gli ingredienti liquidi nei secchi poco per volta e mescola lentamente. Ora aggiungi il cacao e mescola. Versa l'impasto nei pirottini ed inforna. Cuoci per 18-20 minuti.
Spuntino,Spiedini di Frutta e Formaggio,150,Spiedini con pezzi di frutta e formaggio.
Spuntino,Mini Calzoni con Ricotta e Prosciutto,150,In una ciotola metti la farina con acqua e lievito di birra. Impasta. Aggiusta di sale e fai lievitare per qualche ora. Una volta lievitato stendi l'impasto forma dei dischi e farcisci con ricotta e prosciutto. Chiudili a metà e cuoci in forno per 15 minuti a 200°
Spuntino,Panino con Tonno e Olive,200,Panino farcito con tonno e olive.
Spuntino,Barrette di Granola e Frutta,100,Barrette di granola con frutta secca.
Spuntino,Mini toast con Carne e Fagioli,200,Mini toast farciti con carne e fagioli.
Spuntino,Toast con Burro di Arachidi e Banana,150,Toast con burro di arachidi e banana.
Spuntino,Patatine di Cavolo Riccio,100,Patatine croccanti di cavolo riccio.
Spuntino,Mini Cheeseburgers,180,Mini cheeseburgers serviti con condimenti leggeri.
Spuntino,Crackers con Salsa di Pomodoro,150,Crackers serviti con salsa di pomodoro.
Spuntino,Mini Pancake con Sciroppo d'Acero,120,Prepara i pancake mescolando in una ciotola uova e zucchero. Aggiungi il latte e il lievito chimico e continua a mescolare. Aggiungi la farina e mescola. Lascia riposare per 30 minuti. Scalda una padella con una noce di burro e cuoci i pancake. Una volta pronti spostali su un piatto e guarnire con sciroppo d'acero.
Spuntino,Yogurt con Cereali e Frutta,150,Yogurt servito con cereali e frutta.
Spuntino,Mini Piadine con Prosciutto e Rucola,150,Piccole piadine farcite con prosciutto e rucola.
Spuntino,Frutta Secca con Semi di Zucca,100,Frutta secca mista con semi di zucca.
Spuntino,Chips di Patate con Rosmarino,150,Chips croccanti di patate aromatizzate con rosmarino
Spuntino,Mini Frittelle di Zucca,120,Frittelle leggere e croccanti di zucca.
Spuntino,Roll di Tacchino con Formaggio Spalmabile,100,Fette di tacchino arrotolate con formaggio spalmabile.
Spuntino,Panino con Salame e Peperoni,200,Panino farcito con salame e peperoni grigliati.
Spuntino,Yogurt con Muesli e Frutti di Bosco,150,Yogurt servito con muesli e frutti di bosco freschi.
